sival,alval,naval,h20,mag,ohval,time,temper,code1,code2,code3
0.039500231,0.006076959,0.023821678,0.911543791,0,0.019057342,336,100,FAU,,
0.02008502,0.007800008,0.02008502,0.935961936,0,0.016068016,168,50,FAU,,
0.031919308,0.000159597,0.005745475,0.95757924,0,0.00459638,65,160,MFI,,
0.031882672,0.000159413,0.006376534,0.956480153,0,0.005101227,65,160,MFI,,
0.031882672,0.000159413,0.006376534,0.956480153,0,0.005101227,112,160,MFI,,
0.03184612,0.000159231,0.007006146,0.955383587,0,0.005604917,65,160,MFI,,
0.03184612,0.000159231,0.007006146,0.955383587,0,0.005604917,112,160,MFI,,
0.031856772,0.00039821,0.006689922,0.955703159,0,0.005351938,65,160,MFI,,
0.031765696,0.000397071,0.008259081,0.952970887,0,0.006607265,65,160,MFI,,
0.087108014,0.017421603,0.055749129,0.783972125,0,0.055749129,336,120,FAU,,
0.067340067,0.013468013,0.005050505,0.909090909,0,0.005050505,72,100,FAU,EMT,
0.015180957,0.010019432,0.035523439,0.91085742,0,0.028418752,60,60,FAU,,
0.170299728,0.11239782,0.398501362,0,0,0.31880109,192,60,FAU,GIS,
0.004142502,0.001657001,0.082850041,0.828500414,0,0.082850041,11.5,65,LTA,,
0.004516712,0.001806685,0.045167118,0.903342367,0,0.045167118,12,65,LTA,,
0.063694268,0.010615711,0.042462845,0.8492569,0,0.033970276,72,100,FAU,,
0.013438459,0.013954786,0.044166899,0.893106335,0,0.035333519,3.5,99,LTA,,
0.046728972,0.009345794,0.051401869,0.841121495,0,0.051401869,24,150,FAU,,
0.028295213,0.000235793,0.015719563,0.94317378,0,0.01257565,12,180,MFI,,
0.022522523,0.004504505,0.036036036,0.900900901,0,0.036036036,12,100,FAU,,
0.031824836,0.002545987,0.006046719,0.954745083,0,0.004837375,40,190,MFI,,
0.03175692,0.001816496,0.007621661,0.952707595,0,0.006097329,40,190,MFI,,
0.02562028,0.001348436,0.01618123,0.94390507,0,0.012944984,48,180,MFI,,
0.016722408,0.016722408,0.065217391,0.836120401,0,0.065217391,1.5,80,LTA,,
0.016722408,0.016722408,0.065217391,0.836120401,0,0.065217391,2,80,LTA,,
0.016722408,0.016722408,0.065217391,0.836120401,0,0.065217391,3,80,LTA,,
0.016722408,0.016722408,0.065217391,0.836120401,0,0.065217391,4,80,LTA,,
0.018789356,0.011273614,0.050782043,0.878529352,0,0.040625635,168,100,FAU,GIS,SOD
0.023191328,0.013864381,0.050415931,0.872195614,0,0.040332745,24,100,FAU,LTA,
0.023191328,0.013864381,0.050415931,0.872195614,0,0.040332745,72,100,FAU,LTA,GIS
0.0135038,0.005802013,0.051345245,0.888272746,0,0.041076196,24,100,FAU,,
0.01182945,0.00581186,0.051432392,0.889780384,0,0.041145914,72,100,FAU,GIS,SOD
0.018913255,0.004753872,0.051116904,0.884322445,0,0.040893523,24,100,FAU,GIS,
0.03718025,0.015962721,0.049573666,0.85762443,0,0.039658933,24,100,FAU,GIS,
0.040745342,0.010186335,0.049689441,0.859627329,0,0.039751553,24,100,FAU,,
0.040745342,0.010186335,0.049689441,0.859627329,0,0.039751553,72,100,FAU,GIS,
0.059640203,0.006648416,0.048885413,0.845717638,0,0.03910833,168,100,FAU,GIS,
0.022001232,0.001144064,0.004400246,0.968054211,0,0.004400246,48,160,CHA,,
0.037625953,0.00158059,0.011301221,0.940451259,0,0.009040977,96,180,MFI,,
0.004366812,0.004366812,0.065502183,0.873362445,0,0.052401747,16,40,LTA,,
0.004366812,0.004366812,0.065502183,0.873362445,0,0.052401747,18,40,LTA,,
0.004366812,0.004366812,0.065502183,0.873362445,0,0.052401747,20,40,LTA,,
0.004366812,0.004366812,0.065502183,0.873362445,0,0.052401747,30,40,LTA,,
0.008688097,0.00086881,0.060816681,0.868809731,0,0.060816681,24,75,FAU,,
0.004297748,0.001719099,0.08423586,0.842358604,0,0.067388688,3,85,LTA,,
0.021730011,0.008389966,0,0.939676147,0.016779931,0.013423945,96,97,CHA,,
0.00747677,0.010312787,0.038580136,0.905050172,0,0.038580136,6,80,LTA,,
0.028213166,0.012539185,0.056426332,0.846394984,0,0.056426332,24,90,FAU,,
0.024053881,0.000801796,0.007216164,0.962155228,0,0.005772931,120,160,MFI,,
0.04492363,0.008984726,0.076370171,0.808625337,0,0.061096137,48,70,FAU,,
0.043995108,0.006159315,0.079191194,0.791911939,0,0.078742444,50,50,FAU,,
0.029949087,0.001996606,0.006488969,0.956374164,0,0.005191175,36,170,MFI,,
0.04316671,0.007165674,0.04316671,0.863334197,0,0.04316671,24,100,FAU,,
0.058102001,0.006455778,0.007811491,0.903808909,0.008005165,0.015816656,120,180,MOR,,
0.34416826,0.038240918,0.046271511,0.430210325,0.047418738,0.093690249,168,180,MOR,,
0.02082094,0.01189768,0.04164188,0.892325996,0,0.033313504,48,90,FAU,,
0.022956841,0.009182736,0.027548209,0.918273646,0,0.022038567,12,100,FAU,,
0.015230394,0.013845813,0.076151972,0.844594595,0.022845591,0.027331635,5,100,FAU,,
0.010851872,0.002712968,0.046120456,0.90341834,0,0.036896365,8,90,FAU,,
0.007526663,0.003763332,0.116061147,0.779799941,0,0.092848917,2,100,LTA,,
0.014118846,0.001699019,0.096504269,0.810474451,0,0.077203415,24,80,FAU,,
0.03776435,0.003021148,0.00755287,0.944108761,0,0.00755287,48,180,MFI,,
0.031210986,0.001248439,0,0.936329588,0.031210986,0,72,180,MFI,,
0.012110629,0.005632851,0.042809666,0.905199121,0,0.034247733,48,100,FAU,,
0.004142502,0.001657001,0.082850041,0.828500414,0,0.082850041,4,65,LTA,,
0.009090909,0.009090909,0.036363636,0.909090909,0,0.036363636,24,50,LTA,,
0.011491611,0.004596644,0.01034245,0.965295334,0,0.00827396,24,100,FAU,,
0.015989767,0.001598977,0.012791813,0.959385993,0,0.010233451,60,170,CHA,,
0.006678311,0.00684955,0.026713244,0.938388301,0,0.021370595,4,90,LTA,,
0.036144578,0.006024096,0.030120482,0.903614458,0,0.024096386,8,90,FAU,,
0.004665746,0.0062521,0.031073868,0.933149192,0,0.024859094,4,100,LTA,,
0.04492363,0.008984726,0.076370171,0.808625337,0,0.061096137,36,100,FAU,,
0.013539128,0.006769564,0.036555646,0.913891145,0,0.029244517,48,100,FAU,,
0.350740452,0.038971161,0.047155105,0.438425565,0.04832424,0.076383476,18,180,MOR,,
0.007510327,0.003755163,0.116410064,0.779196395,0,0.093128051,6,80,LTA,,
0.018535681,0.009267841,0.050973123,0.880444856,0,0.040778499,4,100,FAU,,
0.001603463,0.000400866,0.028862343,0.946043454,0,0.023089874,5,80,FAU,,
0.022806057,0.001824485,0.040138661,0.903119869,0,0.032110929,5,100,FAU,,
0.013055588,0.007253104,0.036555646,0.913891145,0,0.029244517,6,100,FAU,,
0.037690336,0.003769034,0.009045681,0.942258405,0,0.007236545,48,180,MFI,,
0.045955882,0.001838235,0.018382353,0.919117647,0,0.014705882,144,170,MOR,,
0.013672447,0.013951477,0.044156424,0.892894513,0,0.035325139,4,105,LTA,,
0.04197448,0.00562458,0.020567495,0.923438549,0.008394896,0,96,180,MOR,,
0.027247956,0.003633061,0.031607629,0.908265213,0,0.02924614,24,170,MOR,,
0.027247956,0.003633061,0.031607629,0.908265213,0,0.02924614,36,170,MOR,,
0.027247956,0.003633061,0.031607629,0.908265213,0,0.02924614,48,170,MOR,,
0.027247956,0.003633061,0.031607629,0.908265213,0,0.02924614,96,170,MOR,,
0.015243902,0.015243902,0.030487805,0.914634146,0,0.024390244,0,0,LTA,,
0.011130899,0.00148412,0.012615019,0.964677946,0,0.010092015,24,170,MOR,,
0.035988484,0.002399232,0.014395393,0.935700576,0,0.011516315,72,170,MOR,,
0.02334267,0.001867414,0.02054155,0.933706816,0,0.02054155,5,100,FAU,,
0.02334267,0.001867414,0.02054155,0.933706816,0,0.02054155,6.5,100,FAU,,
0.02334267,0.001867414,0.02054155,0.933706816,0,0.02054155,8,100,FAU,GIS,
0.023313646,0.003108486,0.020516009,0.93254585,0,0.020516009,6.5,100,FAU,GIS,
0.023331778,0.002333178,0.020531965,0.933271115,0,0.020531965,6.5,100,FAU,GIS,
0.023349938,0.001556663,0.020547945,0.933997509,0,0.020547945,6.5,100,FAU,,
0.023518344,0.001881468,0.016933208,0.940733772,0,0.016933208,6.5,100,FAU,,
0.023169601,0.001853568,0.024096386,0.926784059,0,0.024096386,6.5,100,FAU,GIS,
0.06122449,0.040816327,0.040816327,0.816326531,0,0.040816327,72,100,FAU,,
0.014030424,0.014768867,0.047260375,0.886132034,0,0.0378083,4,99,LTA,,
0.017047932,0.009911589,0.044998612,0.892042977,0,0.03599889,0,100,FAU,,
0.01435132,0.01435132,0.057405281,0.867967853,0,0.045924225,4,90,LTA,,
0.005116993,0.004651812,0.025584965,0.930362376,0.00767549,0.026608364,24,90,FAU,,
0.035988484,0.002399232,0.014395393,0.935700576,0,0.011516315,24,180,MOR,,
0.031820785,0.002100172,0.006364157,0.95462356,0,0.005091326,72,190,MFI,,
0.031631556,0.001201999,0.010122098,0.948946669,0,0.008097678,40,190,MFI,,
0.041992105,0.005626942,0.020156211,0.923826321,0.008398421,0,24,170,MOR,,
0.014728987,0.009819324,0.034367636,0.913197172,0.000392773,0.027494108,84,100,FAU,,
0.045984059,0.01021868,0.040874719,0.868587778,0.001634989,0.032699775,24,100,FAU,,
0.035124693,0.000702494,0.008781173,0.948366702,0,0.007024939,24,180,MFI,,
0.050709939,0.002535497,0.03296146,0.887423935,0,0.026369168,168,120,CHA,,
0.026014568,0.002601457,0.033818939,0.910509886,0,0.027055151,168,120,CHA,,
0.056140351,0.007017544,0.052631579,0.842105263,0,0.042105263,24,95,FAU,,
0.004145937,0.000829187,0.08291874,0.829187396,0,0.08291874,0,0,LTA,,
0.016209844,0.022104332,0.073754789,0.814176245,0.022030651,0.051724138,24,70,FAU,,
0.013281141,0.013980148,0.043338459,0.894729484,0,0.034670768,12,100,LTA,,
0.023721666,0.000210859,0.005271481,0.969952557,0.000843437,0,36,180,MFI,,
0.023721666,0.000316289,0.005271481,0.969952557,0.000738007,0,36,180,MFI,,
0.023721666,0.000527148,0.005271481,0.969952557,0.000527148,0,36,180,MFI,,
0.023721666,0.000738007,0.005271481,0.969952557,0.000316289,0,36,180,MFI,,
0.028456653,0.000237139,0.012639497,0.948555113,0,0.010111598,12,180,MFI,,
0.046980707,0.001566024,0.006577299,0.939614132,0,0.005261839,24,170,MFI,,
0.001068422,0.000427369,0.020513697,0.961579555,0,0.016410958,12,100,LTA,,
0.007832898,0.01305483,0.016318538,0.946475196,0,0.016318538,24,100,LTA,,
0.004012841,0.004012841,0.016051364,0.963081862,0,0.012841091,25,80,LTA,,
0.004012841,0.004012841,0.016051364,0.963081862,0,0.012841091,44,80,LTA,,
0.004012841,0.004012841,0.016051364,0.963081862,0,0.012841091,72,80,LTA,,
0.004012841,0.004012841,0.016051364,0.963081862,0,0.012841091,98,80,LTA,,
0.004012841,0.004012841,0.016051364,0.963081862,0,0.012841091,136,80,LTA,,
0.004012841,0.004012841,0.016051364,0.963081862,0,0.012841091,160,80,LTA,,
0.026860059,0,0.005774913,0.961590115,0,0.005774913,72,180,MFI,,
0.020648358,0.020648358,0.053685732,0.862068966,0,0.042948586,20,90,FAU,,
0.009310987,0.009310987,0.027932961,0.931098696,0,0.022346369,24,90,LTA,,
0.004142502,0.001657001,0.082850041,0.828500414,0,0.082850041,0.4167,90,LTA,,
0.004142502,0.001657001,0.082850041,0.828500414,0,0.082850041,0.5,90,LTA,,
0.014450867,0.014450867,0.057803468,0.867052023,0,0.046242775,6,90,LTA,,
0.01108156,0.002216312,0.031028369,0.930851064,0,0.024822695,12,90,FAU,,
0.0042123,0.00168492,0.084245998,0.842459983,0,0.067396799,0.1667,90,LTA,,
0.012406948,0.012406948,0.024813896,0.930521092,0,0.019851117,4,100,LTA,,
0.014563107,0.002427184,0,0.946601942,0.019417476,0.016990291,18,140,CHA,,
0.015243902,0.015243902,0.030487805,0.914634146,0,0.024390244,3.5,100,LTA,,
0.014652015,0.002442002,0,0.952380952,0.015873016,0.014652015,20,140,CHA,,
0.014652015,0.002442002,0,0.952380952,0.015873016,0.014652015,15,150,CHA,,
0.028785262,0.002302821,0.034542314,0.906735751,0,0.027633851,7,100,FAU,,
0.008688097,0.00086881,0.060816681,0.868809731,0,0.060816681,432,75,FAU,,
0.012612613,0.001801802,0.028828829,0.927927928,0,0.028828829,24,90,FAU,,
0.008688097,0.00086881,0.060816681,0.868809731,0,0.060816681,8,75,FAU,,
0.008688097,0.00086881,0.060816681,0.868809731,0,0.060816681,16,75,FAU,,
0.008183306,0.000981997,0.006382979,0.981996727,0.002454992,0,4,155,MOR,,
0.008183306,0.000981997,0.006382979,0.981996727,0.002454992,0,4,165,MOR,,
0.008183306,0.000981997,0.006382979,0.981996727,0.002454992,0,4,175,MOR,,
0.008223684,0.000986842,0.003947368,0.986842105,0,0,4,165,MOR,,
0.009788567,0.000489428,0.007341425,0.978856695,0.001761942,0.001761942,24,175,CHA,,
0.009794319,0.000195886,0.00705191,0.979431929,0.001762977,0.001762977,24,175,CHA,,
0.009796238,9.80E-05,0.006955329,0.979623824,0.001763323,0.001763323,24,175,CHA,,
0.009798158,0,0.006858711,0.979815795,0.001763668,0.001763668,24,175,CHA,,
0.009788567,0.000489428,0.007341425,0.978856695,0.001761942,0.001761942,48,175,CHA,,
0.009794319,0.000195886,0.00705191,0.979431929,0.001762977,0.001762977,48,175,CHA,MOR,
0.009796238,9.80E-05,0.006955329,0.979623824,0.001763323,0.001763323,48,175,MOR,,
0.009798158,0,0.006858711,0.979815795,0.001763668,0.001763668,48,175,CHA,MOR,
0.009788567,0.000489428,0.007341425,0.978856695,0.001761942,0.001761942,72,175,CHA,,
0.009794319,0.000195886,0.00705191,0.979431929,0.001762977,0.001762977,72,175,CHA,MOR,
0.009796238,9.80E-05,0.006955329,0.979623824,0.001763323,0.001763323,72,175,MOR,,
0.009731413,0,0.006811989,0.9731413,0.001751654,0.008563643,72,175,MOR,,
0.023775559,0.003804089,0.011887779,0.951022349,0,0.009510223,5,170,MOR,,
0.023889154,0.003822265,0.014333493,0.955566173,0.002388915,0,5,170,MOR,,
0.023775559,0.003804089,0.016642891,0.951022349,0.004755112,0,5,170,MOR,,
0.023663038,0.003786086,0.018930431,0.946521533,0.007098912,0,5,170,MOR,,
0.023551578,0.003768252,0.02119642,0.942063118,0.009420631,0,5,170,MOR,,
0.045330916,0.007252947,0.031731641,0.906618314,0.009066183,0,5,170,MOR,,
0.031191516,0.004990643,0.021834061,0.935745477,0.006238303,0,5,170,MOR,,
0.019208605,0.003073377,0.013446024,0.960430273,0.003841721,0,5,170,MOR,,
0.016113439,0.00257815,0.011279407,0.966806316,0.003222688,0,5,170,MOR,,
0.015625,0.015625,0.015625,0.9375,0,0.015625,48,100,LTA,,
0.004442022,0.002019101,0.084600319,0.841258304,0,0.067680255,5,80,LTA,,
0.025316456,0.025316456,0.063291139,0.835443038,0,0.050632911,0,0,LTA,,
0.016852891,0.00979153,0.049210442,0.884776783,0,0.039368354,4,100,FAU,,
0.016997263,0.00987541,0.044872775,0.892356331,0,0.03589822,3,100,FAU,,
0.014511892,0.01319131,0.072632022,0.802507655,0.021695279,0.075461841,14,70,FAU,,
0.014511892,0.01319131,0.072632022,0.802507655,0.021695279,0.075461841,2,100,FAU,,
0.018474044,0.009237022,0.052651025,0.877517088,0,0.04212082,6,0,LTA,,
0.001164144,0.002328289,0.032596042,0.931315483,0,0.032596042,2,120,FAU,,
0.022548742,0.01424881,0.027443208,0.911923832,0.001880843,0.021954566,8,99,LTA,,
0.038200891,0.00127591,0.003056071,0.955022271,0,0.002444857,24,180,MFI,,
0.038220456,0.000764409,0.003057636,0.95551139,0,0.002446109,24,180,MFI,,
0.038227176,0.000588699,0.003058174,0.955679412,0,0.002446539,24,180,MFI,,
0.038231415,0.000477893,0.003058513,0.955785369,0,0.002446811,24,180,MFI,,
0.038235069,0.000382351,0.003058806,0.95587673,0,0.002447044,24,180,MFI,,
0.026680896,0.010672359,0,0.933831377,0.028815368,0,36,160,CHA,,
0.026680896,0.010672359,0,0.933831377,0.028815368,0,48,160,CHA,,
0.026680896,0.010672359,0,0.933831377,0.028815368,0,72,160,CHA,,
0.026680896,0.010672359,0,0.933831377,0.028815368,0,96,160,CHA,,
0.026680896,0.010672359,0,0.933831377,0.028815368,0,120,160,CHA,,
0.026680896,0.010672359,0,0.933831377,0.028815368,0,14,160,CHA,,
0.026680896,0.010672359,0,0.933831377,0.028815368,0,18,160,CHA,,
0.026680896,0.010672359,0,0.933831377,0.028815368,0,24,160,CHA,,
0.026824034,0.005364807,0,0.938841202,0.028969957,0,72,160,CHA,,
0.026824034,0.005364807,0,0.938841202,0.028969957,0,48,160,CHA,,
0.026896181,0.002689618,0,0.941366326,0.029047875,0,96,160,CHA,,
0.026680896,0.010672359,0,0.933831377,0.028815368,0,120,140,CHA,,
0.026680896,0.010672359,0,0.933831377,0.028815368,0,60,180,CHA,,
0.026752274,0.01070091,0,0.936329588,0.026217228,0,72,160,CHA,MER,
0.026609899,0.01064396,0,0.931346461,0.031399681,0,72,160,CHA,,
0.456893127,0.049662296,0.274135876,0,0,0.219308701,336,70,FAU,MAZ,
0.12469096,0.010749221,0.039234655,0.79393744,0,0.031387724,13,165,MOR,,
0.12469096,0.010749221,0.039234655,0.79393744,0,0.031387724,16,165,MOR,,
0.035158702,0.008719916,0.020055807,0.911231252,0.008789676,0.016044646,0,60,FAU,,
0.025195969,0.011198208,0,0.895856663,0.034154535,0.033594625,7,150,CHA,,
0.025195969,0.011198208,0,0.895856663,0.034154535,0.033594625,10,150,CHA,,
0.025195969,0.011198208,0,0.895856663,0.034154535,0.033594625,50,150,CHA,MER,
0.025195969,0.011198208,0,0.895856663,0.034154535,0.033594625,100,150,CHA,MER,
0.025195969,0.011198208,0,0.895856663,0.034154535,0.033594625,120,150,CHA,,
0.072674419,0,0.00872093,0.908430233,0.001453488,0.00872093,24,180,MFI,,
0.036499015,0.007591795,0.037958975,0.912475363,0.005474852,0,120,170,MOR,,
0.013726082,0.014137865,0.036785901,0.905921432,0,0.02942872,24,80,LTA,,
0.013621751,0.014030404,0.036506293,0.89903558,0.004222743,0.032583229,24,80,FAU,,
0.233863424,0,0.074836296,0.631431244,0,0.059869036,48,260,MOR,,
0.022590361,0.015060241,0.045180723,0.881024096,0,0.036144578,2,100,FAU,,
0.022590361,0.015060241,0.045180723,0.881024096,0,0.036144578,2.5,100,FAU,,
0.022590361,0.015060241,0.045180723,0.881024096,0,0.036144578,3,100,FAU,,
0.022590361,0.015060241,0.045180723,0.881024096,0,0.036144578,3.5,100,FAU,,
0.022590361,0.015060241,0.045180723,0.881024096,0,0.036144578,4,100,FAU,,
0.037080985,0.018589934,0.049441313,0.855334718,0,0.039553051,4,65,LTA,,
0.037080985,0.018589934,0.049441313,0.855334718,0,0.039553051,6,65,LTA,,
0.037080985,0.018589934,0.049441313,0.855334718,0,0.039553051,12,65,FAU,LTA,
0.037080985,0.018589934,0.049441313,0.855334718,0,0.039553051,24,65,FAU,LTA,
0.037080985,0.018589934,0.049441313,0.855334718,0,0.039553051,168,65,FAU,,
0.025188917,0.012594458,0.050377834,0.871536524,0,0.040302267,12,65,FAU,,
0.025188917,0.012594458,0.050377834,0.871536524,0,0.040302267,24,65,FAU,,
0.025188917,0.012594458,0.050377834,0.871536524,0,0.040302267,168,65,FAU,,
0.019827148,0.009150991,0.050838841,0.879511947,0,0.040671073,6,65,LTA,,
0.019827148,0.009150991,0.050838841,0.879511947,0,0.040671073,12,65,FAU,LTA,
0.019827148,0.009150991,0.050838841,0.879511947,0,0.040671073,24,65,FAU,,
0.019827148,0.009150991,0.050838841,0.879511947,0,0.040671073,168,65,FAU,,
0.012836311,0.006469501,0.051345245,0.888272746,0,0.041076196,12,65,FAU,,
0.012836311,0.006469501,0.051345245,0.888272746,0,0.041076196,24,65,FAU,,
0.012836311,0.006469501,0.051345245,0.888272746,0,0.041076196,168,65,FAU,,
0.005194805,0.002597403,0.051948052,0.898701299,0,0.041558442,4,65,FAU,LTA,
0.005194805,0.002597403,0.051948052,0.898701299,0,0.041558442,6,65,FAU,LTA,
0.005194805,0.002597403,0.051948052,0.898701299,0,0.041558442,12,65,FAU,LTA,
0.005194805,0.002597403,0.051948052,0.898701299,0,0.041558442,24,65,FAU,LTA,
0.005194805,0.002597403,0.051948052,0.898701299,0,0.041558442,168,65,FAU,,
0.0375,0.0075,0.05,0.865,0,0.04,24,65,FAU,,
0.0375,0.0075,0.05,0.865,0,0.04,168,65,FAU,,
0.025380711,0.005076142,0.050761421,0.878172589,0,0.040609137,12,65,FAU,,
0.025380711,0.005076142,0.050761421,0.878172589,0,0.040609137,24,65,FAU,,
0.025380711,0.005076142,0.050761421,0.878172589,0,0.040609137,168,65,FAU,,
0.012886598,0.00257732,0.051546392,0.891752577,0,0.041237113,6,65,FAU,,
0.012886598,0.00257732,0.051546392,0.891752577,0,0.041237113,12,65,FAU,,
0.012886598,0.00257732,0.051546392,0.891752577,0,0.041237113,24,65,FAU,,
0.012886598,0.00257732,0.051546392,0.891752577,0,0.041237113,168,65,FAU,,
0.005202914,0.001040583,0.052029136,0.900104058,0,0.041623309,4,65,FAU,,
0.005202914,0.001040583,0.052029136,0.900104058,0,0.041623309,6,65,FAU,,
0.005202914,0.001040583,0.052029136,0.900104058,0,0.041623309,12,65,FAU,,
0.005202914,0.001040583,0.052029136,0.900104058,0,0.041623309,24,65,FAU,,
0.005202914,0.001040583,0.052029136,0.900104058,0,0.041623309,168,65,FAU,,
0.024065072,0.001203254,0.00673822,0.962602878,0,0.005390576,48,170,MFI,,
0.016353765,0.002175051,0,0.981225878,0.000245306,0,0,180,MOR,,
0.488878025,0.000244439,0.012221951,0.488878025,0,0.00977756,48,90,FAU,CHA,ANA
0.488878025,0.000244439,0.012221951,0.488878025,0,0.00977756,12,90,FAU,,
0.488878025,0.000244439,0.012221951,0.488878025,0,0.00977756,6,90,FAU,,
0.488878025,0.000244439,0.012221951,0.488878025,0,0.00977756,3,90,FAU,,
0.036737693,0.001836885,0.0238795,0.918442322,0,0.0191036,192,140,MOR,ANA,
0.04745634,0.009491268,0.049354594,0.854214123,0,0.039483675,7,100,FAU,,
0.048449612,0.009689922,0.03875969,0.872093023,0,0.031007752,7,100,FAU,,
0.017987768,0.011991846,0.038373906,0.899388416,0.00155894,0.030699125,600,75,FAU,,
0.011244182,0.005229852,0.07949375,0.840437216,0,0.063595,24,30,FAU,,
0.014992962,0.003059788,0.044060951,0.902637537,0,0.035248761,8,75,FAU,,
0.014992962,0.003059788,0.044060951,0.902637537,0,0.035248761,12,75,FAU,,
0.014992962,0.003059788,0.044060951,0.902637537,0,0.035248761,16,75,FAU,,
0.014992962,0.003059788,0.044060951,0.902637537,0,0.035248761,20,75,FAU,,
0.009794319,0.000979432,0.005876592,0.979431929,0.001958864,0.001958864,6,170,CHA,,
0.009794319,0.000979432,0.005876592,0.979431929,0.001958864,0.001958864,8,170,CHA,,
0.009794319,0.000979432,0.005876592,0.979431929,0.001958864,0.001958864,12,170,CHA,,
0.009794319,0.000979432,0.005876592,0.979431929,0.001958864,0.001958864,18,170,CHA,,
0.009794319,0.000979432,0.005876592,0.979431929,0.001958864,0.001958864,24,170,CHA,,
0.009775171,0.000977517,0.007820137,0.977517107,0.001955034,0.001955034,24,170,CHA,MER,
0.009737098,0.00097371,0.007789679,0.973709834,0.003894839,0.003894839,24,170,CHA,MER,
0.009756098,0.00097561,0.005853659,0.975609756,0.003902439,0.003902439,24,170,CHA,MER,
0.009718173,0.000971817,0.005830904,0.971817298,0.005830904,0.005830904,24,170,CHA,MER,
0.009680542,0.000968054,0.005808325,0.968054211,0.007744434,0.007744434,24,170,CHA,MER,
0.009775171,0.000977517,0.003910068,0.977517107,0.003910068,0.003910068,24,170,CHA,MER,
0.009737098,0.00097371,0.003894839,0.973709834,0.005842259,0.005842259,24,170,CHA,MER,
0.009699321,0.000969932,0.003879728,0.969932105,0.007759457,0.007759457,24,170,CHA,MER,
0.009756098,0.00097561,0.00195122,0.975609756,0.005853659,0.005853659,24,170,CHA,MER,
0.009718173,0.000971817,0.001943635,0.971817298,0.007774538,0.007774538,24,170,CHA,MER,
0.023400936,0.015600624,0.012480499,0.936037441,0,0.012480499,4,80,LTA,,
0.023400936,0.015600624,0.012480499,0.936037441,0,0.012480499,6,80,LTA,,
0.023400936,0.015600624,0.012480499,0.936037441,0,0.012480499,8,80,LTA,,
0.023400936,0.015600624,0.012480499,0.936037441,0,0.012480499,6,70,LTA,,
0.023400936,0.015600624,0.012480499,0.936037441,0,0.012480499,6,90,LTA,,
0.023400936,0.015600624,0.012480499,0.936037441,0,0.012480499,6,100,LTA,,
0.023696682,0.015797788,0.006319115,0.947867299,0,0.006319115,6,80,LTA,,
0.023547881,0.015698587,0.009419152,0.941915228,0,0.009419152,6,80,LTA,,
0.023255814,0.015503876,0.015503876,0.930232558,0,0.015503876,6,80,LTA,,
0.023112481,0.01540832,0.018489985,0.92449923,0,0.018489985,6,80,LTA,,
0.023219814,0.023219814,0.012383901,0.92879257,0,0.012383901,2,80,LTA,,
0.023219814,0.023219814,0.012383901,0.92879257,0,0.012383901,4,80,LTA,,
0.023219814,0.023219814,0.012383901,0.92879257,0,0.012383901,6,80,LTA,,
0.023219814,0.023219814,0.012383901,0.92879257,0,0.012383901,8,80,LTA,,
0.022953328,0.034429992,0.012241775,0.918133129,0,0.012241775,2,80,LTA,,
0.022953328,0.034429992,0.012241775,0.918133129,0,0.012241775,4,80,LTA,,
0.022953328,0.034429992,0.012241775,0.918133129,0,0.012241775,6,80,LTA,,
0.022953328,0.034429992,0.012241775,0.918133129,0,0.012241775,8,80,LTA,,
0.046059365,0.010235415,0.040941658,0.870010235,0,0.032753327,3,90,FAU,,
0.00606487,0.01212974,0.056281992,0.879406128,0.001091677,0.045025594,168,100,FAU,,
0.006061561,0.012123122,0.056251288,0.878926376,0.001636622,0.04500103,168,100,FAU,,
0.006058256,0.012116512,0.056220617,0.878447148,0.002180972,0.044976494,168,100,FAU,,
0.006054955,0.01210991,0.05618998,0.877968442,0.00272473,0.044951984,168,100,FAU,,
0.006051657,0.012103314,0.056159376,0.877490257,0.003267895,0.044927501,168,100,FAU,,
0.020140987,0.010070493,0.035246727,0.906344411,0,0.028197382,168,100,FAU,,
0.011166946,0.011166946,0.025125628,0.932439978,0,0.020100503,7,100,LTA,,
0.005484862,0.00197455,0.094339623,0.822729267,0,0.075471698,0,85,LTA,,
0.016194332,0.002699055,0.072874494,0.908232119,0,0,48,170,MOR,,
0.045801527,0.001526718,0.018320611,0.916030534,0,0.018320611,12,170,MFI,,
0.004602109,0.001917546,0.032598274,0.934803452,0,0.026078619,24,90,FAU,,
0.004586279,0.00191095,0.034397095,0.931587999,0,0.027517676,24,90,FAU,,
0.004570558,0.001904399,0.036183584,0.928394592,0,0.028946867,24,90,FAU,,
0.018535681,0.009267841,0.050973123,0.880444856,0,0.040778499,48,60,FAU,,
0.009259259,0.009259259,0.027777778,0.925925926,0,0.027777778,24,60,LTA,,
0.009259259,0.009259259,0.027777778,0.925925926,0,0.027777778,24,90,LTA,,
0.009259259,0.009259259,0.027777778,0.925925926,0,0.027777778,3,100,LTA,,
0.008250825,0.001650165,0.082508251,0.825082508,0,0.082508251,24,60,LTA,,
0.087642419,0.004382121,0.017528484,0.876424189,0,0.014022787,15,180,MFI,,
0.087642419,0.004382121,0.017528484,0.876424189,0,0.014022787,15,195,MFI,,
0.087642419,0.004382121,0.017528484,0.876424189,0,0.014022787,10,180,MFI,,
0.087642419,0.004382121,0.017528484,0.876424189,0,0.014022787,20,180,MFI,,
0.087642419,0.004382121,0.017528484,0.876424189,0,0.014022787,30,180,MFI,,
0.024148756,0.001207438,0.004829751,0.965950254,0,0.003863801,15,180,MFI,,
0.024148756,0.001207438,0.004829751,0.965950254,0,0.003863801,24,180,MFI,,
0.021645022,0.021645022,0.061688312,0.833333333,0,0.061688312,0,80,LTA,,
0.017337032,0.017337032,0.053571429,0.858183079,0,0.053571429,0,80,LTA,,
0.020295503,0.016236402,0.055528495,0.852411106,0,0.055528495,0,80,LTA,,
0.018203,0.0145624,0.054026504,0.859181593,0,0.054026504,0,80,LTA,,
0.016567263,0.01325381,0.054340623,0.861497681,0,0.054340623,0,80,LTA,,
0.047947833,0.009589567,0.044112006,0.86306099,0,0.035289605,1,100,FAU,,
0.057897711,0.006021362,0.026632947,0.880045207,0,0.029402774,96,170,MOR,,
0.024040773,0.000480815,0.007693047,0.961630926,0,0.006154438,3,210,MFI,,
0.023712416,0.000474248,0.015175946,0.948496633,0,0.012140757,3,210,MFI,,
0.023793661,0.000475873,0.01332445,0.951746455,0,0.01065956,3,210,MFI,,
0.023353573,0.000467071,0.023353573,0.934142924,0,0.018682858,3,210,MFI,,
0.023712416,0.000474248,0.015175946,0.948496633,0,0.012140757,0,210,MFI,,
0.023712416,0.000474248,0.015175946,0.948496633,0,0.012140757,48,210,MFI,,
0.023712416,0.000474248,0.015175946,0.948496633,0,0.012140757,5,210,MFI,,
0.023712416,0.000474248,0.015175946,0.948496633,0,0.012140757,20,210,MFI,,
0.023712416,0.000474248,0.015175946,0.948496633,0,0.012140757,120,210,MFI,,
0.026437541,0.010178453,0,0.925313946,0.021150033,0.016920026,120,100,CHA,,
0.039855977,0.003759998,0,0.940601058,0.007891483,0.007891483,96,150,MOR,SZR,
0.0399623,0.003770028,0.0133836,0.939868049,0.001508011,0.001508011,96,150,MOR,,
0.039550763,0.003731204,0.014738256,0.930189172,0,0.011790605,96,150,MOR,,
0.009752292,0.000975229,0.007801833,0.975229179,0,0.006241467,72,170,MOR,,
0.004937296,0.00049373,0.003949837,0.987459267,0,0.00315987,72,170,CHA,,
0.009752292,0.000975229,0.007801833,0.975229179,0,0.006241467,24,170,CHA,,
0.009778995,0.000977899,0.007823196,0.977899472,0.001760219,0.001760219,24,170,CHA,,
0.009861933,0.000986193,0.000493097,0.986193294,0.00147929,0.000986193,24,170,CHA,,
0.009881423,0.000988142,0.000494071,0.988142292,0,0.000494071,24,170,CHA,,
0.009871668,0.000987167,0.000987167,0.987166831,0,0.000987167,24,170,CHA,,
0.009794319,0.000979432,0.001958864,0.979431929,0.002938296,0.00489716,24,170,CHA,,
0.009784736,0.000978474,0.002446184,0.978473581,0.002935421,0.005381605,24,170,CHA,,
0.009794319,0.000979432,0.00244858,0.979431929,0.00244858,0.00489716,24,170,CHA,,
0.009803922,0.000980392,0.00245098,0.980392157,0.001960784,0.004411765,24,170,CHA,,
0.009813543,0.000981354,0.002453386,0.981354269,0.001472031,0.003925417,24,170,CHA,,
0.009775171,0.000977517,0.002932551,0.977517107,0.002932551,0.005865103,24,170,CHA,,
0.009784736,0.000978474,0.002935421,0.978473581,0.002446184,0.005381605,24,170,CHA,,
0.009794319,0.000979432,0.002938296,0.979431929,0.001958864,0.00489716,24,170,CHA,,
0.009803922,0.000980392,0.002941176,0.980392157,0.001470588,0.004411765,24,170,CHA,,
0.009813543,0.000981354,0.002944063,0.981354269,0.000981354,0.003925417,24,170,CHA,,
0.009823183,0.000982318,0.002946955,0.982318271,0.000491159,0.003438114,24,170,CHA,,
0.009765625,0.000976563,0.003417969,0.9765625,0.002929688,0.006347656,24,170,CHA,,
0.009775171,0.000977517,0.00342131,0.977517107,0.002443793,0.005865103,24,170,CHA,,
0.009784736,0.000978474,0.003424658,0.978473581,0.001956947,0.005381605,24,170,CHA,,
0.009794319,0.000979432,0.003428012,0.979431929,0.001469148,0.00489716,24,170,CHA,,
0.009803922,0.000980392,0.003431373,0.980392157,0.000980392,0.004411765,24,170,CHA,,
0.009813543,0.000981354,0.00343474,0.981354269,0.000490677,0.003925417,24,170,CHA,,
0.009823183,0.000982318,0.003438114,0.982318271,0,0.003438114,24,170,CHA,,
0.009721952,0.000972195,0.006805367,0.972195217,0.001749951,0.008555318,24,170,CHA,,
0.009756098,0.00097561,0.005853659,0.975609756,0.00097561,0.006829268,24,170,CHA,,
0.009765625,0.000976563,0.005859375,0.9765625,0.000976563,0.005859375,24,170,CHA,,
0.009834776,0.000983478,0.002360346,0.983477577,0.000983478,0.002360346,24,170,CHA,,
0.009836711,0.000983671,0.002360811,0.98367106,0.000786937,0.002360811,24,170,CHA,,
0.009727626,0,0.007003891,0.972762646,0.003501946,0.007003891,24,170,CHA,,
0.009708738,0.000970874,0.006990291,0.970873786,0.004466019,0.006990291,24,170,CHA,,
0.009717229,9.72E-05,0.006996405,0.971722865,0.004469925,0.006996405,24,170,CHA,,
0.009754194,0.000975419,0.004682013,0.97541943,0.004486929,0.004682013,24,170,CHA,,
0.009754194,0.000975419,0.004682013,0.97541943,0.004486929,0.004682013,72,150,CHA,,
0.016129032,0.024193548,0.040322581,0.887096774,0,0.032258065,24,60,LTA,,
0.135869565,0.163043478,0.163043478,0.407608696,0,0.130434783,3.75,80,LTA,,
0.135869565,0.163043478,0.163043478,0.407608696,0,0.130434783,4,80,LTA,,
0.135869565,0.163043478,0.163043478,0.407608696,0,0.130434783,5,80,LTA,SOD,
0.018951358,0.001895136,0.015792798,0.947567909,0,0.015792798,24,165,MFI,,
0.018951358,0.001895136,0.015792798,0.947567909,0,0.015792798,10,165,MFI,,
0.018951358,0.001895136,0.015792798,0.947567909,0,0.015792798,14,165,MFI,,
0.019193858,0.001919386,0.009596929,0.959692898,0,0.009596929,24,165,MFI,,
0.057208238,0.022883295,0,0.85812357,0.061784897,0,120,160,CHA,,
0.080128205,0.032051282,0,0.801282051,0.086538462,0,120,160,CHA,,
0.057208238,0.022883295,0,0.85812357,0.061784897,0,108,160,CHA,,
0.057208238,0.022883295,0,0.85812357,0.061784897,0,96,160,CHA,,
0.057208238,0.022883295,0,0.85812357,0.061784897,0,72,160,CHA,,
0.057208238,0.022883295,0,0.85812357,0.061784897,0,60,160,CHA,,
0.057372347,0.022948939,0,0.860585198,0.059093517,0,72,160,CHA,,
0.039010689,0.01302957,0.039010689,0.877740501,0,0.031208551,9,80,FAU,,
0.039010628,0.01302955,0.039010628,0.877739131,1.56E-06,0.031208502,9,80,FAU,,
0.039010385,0.013029468,0.039010385,0.877733653,7.80E-06,0.031208308,9,80,FAU,,
0.039009167,0.013029062,0.039009167,0.877706261,3.90E-05,0.031207334,9,80,FAU,,
0.026680896,0.010672359,0,0.933831377,0.028815368,0,48,180,CHA,MER,
0.026680896,0.010672359,0,0.933831377,0.028815368,0,60,170,CHA,MER,
0.026680896,0.010672359,0,0.933831377,0.028815368,0,72,150,CHA,,
0.026680896,0.010672359,0,0.933831377,0.028815368,0,72,170,CHA,MER,
0.026680896,0.010672359,0,0.933831377,0.028815368,0,72,180,CHA,MER,
0.026737968,0.010695187,0,0.935828877,0.026737968,0,24,160,CHA,,
0.026737968,0.010695187,0,0.935828877,0.026737968,0,48,160,CHA,,
0.026737968,0.010695187,0,0.935828877,0.026737968,0,10,160,CHA,,
0.026737968,0.010695187,0,0.935828877,0.026737968,0,36,160,CHA,,
0.002359604,0.004719207,0.014157622,0.967437471,0,0.011326097,1,110,LTA,,
0.002359604,0.004719207,0.014157622,0.967437471,0,0.011326097,1.66,110,LTA,,
0.002359604,0.004719207,0.014157622,0.967437471,0,0.011326097,2.333,110,LTA,,
0.002359604,0.004719207,0.014157622,0.967437471,0,0.011326097,3,110,LTA,,
0.034230945,0.004564126,0.077590141,0.821542675,0,0.062072113,0,0,FAU,,
0.034230945,0.004564126,0.077590141,0.821542675,0,0.062072113,16,60,FAU,,
0.047276002,0.004502476,0.076542098,0.810445745,0,0.061233679,16,60,FAU,,
0.057880677,0.00445236,0.075690116,0.801424755,0,0.060552093,16,60,FAU,,
0.068251871,0.004403347,0.074856891,0.792602378,0,0.059885513,16,60,FAU,,
0.078397213,0.004355401,0.074041812,0.783972125,0,0.059233449,16,60,FAU,,
0.088323998,0.004308488,0.073244291,0.77552779,0,0.058595433,16,60,FAU,,
0.078397213,0.004355401,0.074041812,0.783972125,0,0.059233449,16,70,FAU,,
0.078397213,0.004355401,0.074041812,0.783972125,0,0.059233449,16,80,FAU,GME,GIS
0.033749578,0.001687479,0.020249747,0.928113399,0,0.016199798,95,0,MOR,,
0.025267839,0.001263392,0.014402668,0.947543966,0,0.011522135,95,0,MOR,,
0.027051398,0.001803427,0.013525699,0.946798918,0,0.010820559,95,0,MOR,,
0.033918015,0.001615144,0.019866266,0.928707562,0,0.015893013,95,0,MOR,,
0.066339066,0.004914005,0.024570025,0.884520885,0,0.01965602,95,0,MOR,,
0.039754991,0.002944814,0.016490959,0.927616467,0,0.013192768,95,0,MOR,,
0.035145267,0.002343018,0.014058107,0.937207123,0,0.011246485,95,0,MOR,,
0.048891786,0.003259452,0.019556714,0.912646675,0,0.015645372,95,0,MOR,,
0.041689828,0.001852881,0.016675931,0.926440615,0,0.013340745,95,0,MOR,,
0.038066235,0.001903312,0.015226494,0.932622764,0,0.012181195,95,0,MOR,,
0.043752188,0.005833625,0.011083888,0.93046319,0,0.00886711,96,180,MOR,,
0.043752188,0.005833625,0.011083888,0.93046319,0,0.00886711,60,180,MOR,,
0.043752188,0.005833625,0.011083888,0.93046319,0,0.00886711,48,180,MOR,,
0.043752188,0.005833625,0.011083888,0.93046319,0,0.00886711,24,180,MOR,,
0.089763249,0.018700677,0.01739163,0.86023114,0,0.013913304,192,100,FAU,,
0.09094957,0.018947827,0.016740405,0.871600049,0.000881074,0.000881074,192,100,FAU,,
0.023782344,0.000951294,0.013318113,0.95129376,0,0.01065449,168,170,MOR,,
0.004366812,0.004366812,0.065502183,0.873362445,0,0.052401747,24,80,LTA,SOD,
0.004366812,0.004366812,0.065502183,0.873362445,0,0.052401747,24,70,LTA,SOD,
0.004366812,0.004366812,0.065502183,0.873362445,0,0.052401747,24,60,LTA,,
0.004366812,0.004366812,0.065502183,0.873362445,0,0.052401747,24,50,LTA,,
0.004366812,0.004366812,0.065502183,0.873362445,0,0.052401747,24,40,LTA,,
0.023397286,0.001871783,0.041179223,0.926532522,0.007019186,0,10,100,FAU,,
0.034129693,0.001706485,0.032423208,0.921501706,0.010238908,0,48,160,MOR,*BEA,
0.033783784,0.001689189,0.037162162,0.912162162,0.015202703,0,48,160,MOR,,
0.033444816,0.001672241,0.04180602,0.903010033,0.02006689,0,48,160,MOR,,
0.033898305,0.001694915,0.033898305,0.915254237,0.015254237,0,48,160,MOR,MFI,
0.033670034,0.001683502,0.04040404,0.909090909,0.015151515,0,48,160,MOR,*BEA,
0.033783784,0.001689189,0.037162162,0.912162162,0.015202703,0,48,140,MOR,*BEA,
0.05898661,0.007373326,0.027133841,0.884799151,0,0.021707072,72,150,MOR,,
0.05898661,0.006635994,0.027133841,0.884799151,0.000737333,0.021707072,72,150,MOR,,
0.05898661,0.005898661,0.027133841,0.884799151,0.001474665,0.021707072,72,150,MOR,,
0.05898661,0.004423996,0.027133841,0.884799151,0.002949331,0.021707072,72,150,MOR,,
0.05898661,0.002949331,0.027133841,0.884799151,0.004423996,0.021707072,72,150,MOR,,
0.125971589,0.005360493,0.132672206,0.629857947,0,0.106137765,8,90,FAU,,
0.097402597,0.064935065,0.194805195,0.487012987,0,0.155844156,8,90,LTA,,
0.1,0.04,0.2,0.5,0,0.16,8,90,FAU,LTA,
0.100931677,0.031055901,0.201863354,0.504658385,0,0.161490683,8,90,FAU,,
0.101522843,0.025380711,0.203045685,0.507614213,0,0.162436548,8,90,FAU,,
0.055910543,0.031948882,0.3514377,0.279552716,0,0.28115016,8,90,FAU,LTA,
0.072992701,0.03649635,0.291970803,0.364963504,0,0.233576642,8,90,FAU,LTA,
0.107802875,0.020533881,0.184804928,0.539014374,0,0.147843943,8,90,FAU,,
0.063451777,0.025380711,0.329949239,0.317258883,0,0.263959391,8,90,FAU,LTA,SOD
0.09762309,0.016977929,0.220713073,0.48811545,0,0.176570458,8,90,FAU,GIS,
0.112410072,0.017985612,0.170863309,0.56205036,0,0.136690647,8,90,FAU,,
0.111196319,0.015337423,0.176380368,0.555981595,0,0.141104294,8,90,FAU,,
0.080798479,0.019011407,0.275665399,0.403992395,0,0.220532319,8,90,FAU,SOD,
0.102691218,0.014164306,0.205382436,0.513456091,0,0.164305949,8,90,FAU,GIS,
0.117924528,0.013477089,0.154986523,0.589622642,0,0.123989218,8,90,FAU,,
0.110974106,0.012330456,0.178791615,0.55487053,0,0.143033292,8,90,FAU,GIS,
0.111358575,0.011135857,0.178173719,0.556792873,0,0.142538976,8,90,FAU,GIS,
0.117713004,0.011210762,0.156950673,0.588565022,0,0.125560538,8,90,FAU,,
0.10800843,0.010537408,0.18967334,0.54004215,0,0.151738672,8,90,FAU,GIS,RHO
0.110510806,0.009823183,0.18172888,0.552554028,0,0.145383104,8,90,FAU,GIS,RHO
0.116396761,0.010121457,0.16194332,0.581983806,0,0.129554656,8,90,FAU,GIS,
0.120593692,0.009276438,0.148423006,0.60296846,0,0.118738404,8,90,FAU,GIS,
0.113935145,0.008764242,0.170902717,0.569675723,0,0.136722174,8,90,FAU,GIS,RHO
0.120431894,0.008305648,0.149501661,0.602159468,0,0.119601329,8,90,FAU,GIS,RHO
0.060006001,0.0060006,0.0180018,0.900090009,0.00150015,0.01440144,0,190,MFI,,
0.060006001,0.00450045,0.0180018,0.900090009,0.0030003,0.01440144,0,190,MFI,,
0.060006001,0.0030003,0.0180018,0.900090009,0.00450045,0.01440144,0,190,MFI,,
0.060006001,0.00150015,0.0180018,0.900090009,0.0060006,0.01440144,0,190,MFI,,
0.020456033,0.001363736,0.013091861,0.954614881,0,0.010473489,96,160,MOR,HEU,
0.020456033,0.001363736,0.013091861,0.954614881,0,0.010473489,168,150,MOR,,
0.020456033,0.001363736,0.013091861,0.954614881,0,0.010473489,168,140,MOR,HEU,
0.01369863,0.01369863,0.047945205,0.876712329,0,0.047945205,17,70,LTA,,
0.059466388,0.013214753,0.019623908,0.891995824,0,0.015699127,72,150,MOR,,
0.059636515,0.009318206,0.020276415,0.894547732,0,0.016221132,72,150,MOR,,
0.060295597,0.007052117,0.015676855,0.904433948,0,0.012541484,72,150,MOR,,
0.044843049,0.004484305,0.02690583,0.896860987,0,0.02690583,240,150,MOR,,
0.041755363,0.016374652,0,0.900605862,0.022924513,0.01833961,48,100,CHA,,
0.041755363,0.016374652,0,0.900605862,0.022924513,0.01833961,168,100,CHA,,
0.088469478,0.002948983,0.013270422,0.88469478,0,0.010616337,192,160,MFI,,
0.08783487,0.002195872,0.017566974,0.878348704,0,0.014053579,168,160,MFI,,
0.086956522,0.004347826,0.02173913,0.869565217,0,0.017391304,360,160,MOR,,
0.087145969,0.002178649,0.021786492,0.871459695,0,0.017429194,168,160,MOR,,
0.087183958,0.001743679,0.02179599,0.871839582,0,0.017436792,168,160,MOR,,
0.08640553,0.002880184,0.025921659,0.8640553,0,0.020737327,240,160,MFI,MOR,
0.086467791,0.002161695,0.025940337,0.864677907,0,0.02075227,168,160,MFI,MOR,
0.08783487,0.002195872,0.017566974,0.878348704,0,0.014053579,96,160,MFI,,
0.087082729,0.002902758,0.021770682,0.870827286,0,0.017416546,96,160,MFI,,
0.035988484,0.002399232,0.014395393,0.935700576,0,0.011516315,12,180,MOR,,
0.00967118,0.003868472,0,0.967117988,0.00967118,0.00967118,120,90,CHA,,
0.044642857,0.008928571,0.035714286,0.892857143,0.008928571,0.008928571,48,100,CHA,,
0.044365572,0.008873114,0.029281278,0.887311446,0.015084295,0.015084295,72,100,CHA,,
0.044052863,0.008810573,0.022026432,0.881057269,0.022026432,0.022026432,120,100,CHA,,
0.043744532,0.008748906,0.014873141,0.874890639,0.028871391,0.028871391,168,100,CHA,,
0.063131313,0.012626263,0.04040404,0.883838384,0,0,144,110,FAU,,
0.06281407,0.012562814,0.042713568,0.879396985,0.002512563,0,144,110,FAU,,
0.0625,0.0125,0.04375,0.875,0.00625,0,144,110,FAU,,
0.063291139,0.012658228,0.037974684,0.886075949,0,0,144,110,FAU,,
0.06281407,0.012562814,0.040201005,0.879396985,0.005025126,0,144,110,FAU,,
0.024137931,0.000689655,0.004827586,0.965517241,0,0.004827586,72,160,MFI,,
0.023907104,0.00068306,0.009562842,0.956284153,0,0.009562842,72,160,MFI,,
0.02368065,0.00067659,0.01420839,0.947225981,0,0.01420839,72,160,MOR,MFI,
0.023569024,0.000673401,0.016498316,0.942760943,0,0.016498316,72,160,MOR,,
0.023458445,0.000670241,0.018766756,0.938337802,0,0.018766756,72,160,MOR,,
0.023562677,0.000942507,0.016493874,0.942507069,0,0.016493874,72,160,MOR,,
0.023573786,0.000471476,0.01650165,0.942951438,0,0.01650165,72,160,MOR,,
0.023579344,0.000235793,0.016505541,0.94317378,0,0.016505541,72,160,MOR,,
0.023582681,9.43E-05,0.016507877,0.943307235,0,0.016507877,72,160,MOR,,
0.016018307,0.000457666,0.011212815,0.961098398,0,0.011212815,72,160,MOR,,
0.012131716,0.00034662,0.008492201,0.970537262,0,0.008492201,72,160,MOR,,
0.023569024,0.000673401,0.016498316,0.942760943,0,0.016498316,24,160,MOR,,
0.023569024,0.000673401,0.016498316,0.942760943,0,0.016498316,48,160,MOR,,
0.023569024,0.000673401,0.016498316,0.942760943,0,0.016498316,96,160,MOR,,
0.023569024,0.000673401,0.016498316,0.942760943,0,0.016498316,120,160,MOR,,
0.023569024,0.000673401,0.016498316,0.942760943,0,0.016498316,240,160,MOR,,
0.061835271,0.012367054,0.033391046,0.865693792,0,0.026712837,192,110,FAU,GME,
0.050774308,0.012693577,0.026656512,0.888550394,0,0.021325209,192,110,FAU,GME,
0.038570327,0.012856776,0.026999229,0.899974286,0,0.021599383,192,110,FAU,GME,
0.019664394,0.013109596,0.027530152,0.917671736,0,0.022024122,24,110,LTA,GIS,
0.076546234,0.015309247,0.036742192,0.842008573,0,0.029393754,240,100,FAU,,
0.034146341,0.003147128,0.019512195,0.92368214,0,0.019512195,108,130,MOR,ANA,
0.059055234,0,0.023622094,0.885828515,0.007872063,0.023622094,168,150,MOR,,
0.059171598,0,0.023668639,0.887573964,0.00591716,0.023668639,168,150,MOR,,
0.059347181,0,0.023738872,0.890207715,0.002967359,0.023738872,168,150,MOR,,
0.058823529,0.011764706,0.023529412,0.882352941,0,0.023529412,168,150,MOR,,
0.059056281,0.007854485,0.023622512,0.88584421,0,0.023622512,168,150,MOR,,
0.059171598,0.00591716,0.023668639,0.887573964,0,0.023668639,168,150,MOR,,
0.059347181,0.002967359,0.023738872,0.890207715,0,0.023738872,168,150,MOR,,
0.045120245,0.006452195,0.018950503,0.902404909,0.004512025,0.022560123,36,150,MOR,,
0.01500225,0.00040006,0.005250788,0.975146272,0,0.00420063,24,150,MFI,,
0.010317256,0.000257931,0.005158628,0.980139283,0,0.004126902,40,150,MFI,,
0.010369249,0.000259231,0.002384927,0.985078651,0,0.001907942,40,150,MFI,,
0.010250628,0.000256266,0.008713034,0.973809646,0,0.006970427,40,150,MFI,,
0.010282882,0.000257072,0.00699236,0.976873798,0,0.005593888,40,150,CHA,,
0.010317256,0.000257931,0.005158628,0.980139283,0,0.004126902,40,155,CHA,,
0,0.027008778,0.054017556,0.844024308,0.031735314,0.043214045,4,95,FAU,,
0,0,0.100728676,0.832404629,0.066866695,0,12,70,FAU,,
0.015739769,0.002098636,0.018887723,0.944386149,0,0.018887723,96,170,MOR,,
0.020964361,0.002096436,0.016771488,0.943396226,0,0.016771488,96,170,MOR,,
0.020876827,0.002087683,0.018789144,0.939457203,0,0.018789144,96,170,MOR,,
0.028355388,0.003780718,0.030245747,0.907372401,0,0.030245747,96,170,MOR,,
0.015673981,0.002089864,0.020898642,0.940438871,0,0.020898642,96,170,MOR,,
0.004721435,0.001888574,0.037771483,0.925401322,0,0.030217186,336,25,FAU,,
0.0067659,0.00270636,0.054127199,0.893098782,0,0.043301759,50,30,FAU,,
0.065701032,0.006532235,0.094670075,0.757360598,0,0.07573606,264,50,FAU,,
0.017156098,0.011407691,0.044561294,0.891225881,0,0.035649035,63,60,FAU,,
0.002855066,0.005658223,0.051910299,0.898048173,0,0.041528239,168,65,FAU,,
0.004103683,0.003740065,0.051945353,0.898654615,0,0.041556283,168,65,LTA,,
0.004697259,0.009394518,0.051618232,0.892995406,0,0.041294585,168,65,LTA,,
0.009416878,0.002328349,0.051741088,0.895120815,0,0.04139287,168,65,FAU,LTA,
0.009433229,0.000596056,0.051830928,0.896675046,0,0.041464742,168,65,FAU,LTA,
0.009350596,0.009350596,0.051376901,0.888820386,0,0.041101521,168,65,LTA,,
0.009263972,0.018527945,0.050900947,0.880586379,0,0.040720757,168,65,LTA,,
0.013960624,0.009307083,0.051137816,0.884684224,0,0.040910253,168,65,FAU,,
0.016761495,0.004203188,0.051258394,0.886770209,0,0.041006715,168,65,FAU,LTA,
0.016993729,0.016993729,0.050576573,0.874974712,0,0.040461258,168,65,LTA,,
0.018527945,0.009263972,0.050900947,0.880586379,0,0.040720757,168,65,FAU,,
0.018191814,0.027237743,0.04997751,0.864610925,0,0.039982008,168,65,LTA,,
0.023053149,0.00922126,0.050666261,0.876526321,0,0.040533009,168,65,FAU,,
0.025080257,0.016853933,0.050160514,0.867776886,0,0.040128411,168,65,FAU,LTA,
0.024820055,0.02705386,0.049640109,0.858773889,0,0.039712087,168,65,LTA,,
0.033034826,0.016716418,0.049751244,0.860696517,0,0.039800995,168,65,FAU,,
0.033415283,0.008278561,0.050173097,0.867994581,0,0.040138478,168,65,FAU,,
0.032460886,0.036603792,0.048740069,0.843203197,0,0.038992055,168,65,LTA,,
0.032071656,0.048155639,0.048155639,0.833092555,0,0.038524511,168,65,LTA,,
0.050984038,0.005656284,0.019370835,0.908492174,0,0.015496668,48,65,MOR,,
0.051623028,0.005740481,0.010324606,0.924052201,0,0.008259684,24,65,MFI,,
0.051623028,0.005740481,0.010324606,0.924052201,0,0.008259684,48,65,MFI,,
0.051387461,0.010277492,0.010277492,0.91983556,0,0.008221994,48,65,MOR,,
0.051623028,0.005740481,0.010324606,0.924052201,0,0.008259684,72,65,MFI,MOR,
0.00430087,0.001720348,0.095574883,0.821943993,0,0.076459906,5,80,FAU,LTA,SOD
0.004397537,0.001759015,0.087950748,0.835532102,0,0.070360598,1,80,LTA,,
0.004397537,0.001759015,0.087950748,0.835532102,0,0.070360598,3,80,LTA,,
0.004397537,0.001759015,0.087950748,0.835532102,0,0.070360598,5,80,LTA,,
0.004397537,0.001759015,0.087950748,0.835532102,0,0.070360598,6,80,LTA,FAU,SOD
0.004397537,0.001759015,0.087950748,0.835532102,0,0.070360598,9,80,LTA,FAU,SOD
0.004397537,0.001759015,0.087950748,0.835532102,0,0.070360598,10,80,FAU,LTA,SOD
0.004397537,0.001759015,0.087950748,0.835532102,0,0.070360598,12,80,FAU,LTA,SOD
0.004397537,0.001759015,0.087950748,0.835532102,0,0.070360598,20,80,FAU,SOD,LTA
0.004487899,0.001763103,0.080141048,0.849495111,0,0.064112839,5,80,FAU,LTA,SOD
0.00453629,0.001800115,0.072004608,0.8640553,0,0.057603687,5,80,FAU,LTA,
0.017519847,0.017519847,0.068436901,0.841773884,0,0.054749521,3,80,LTA,,
0.004581585,0.001821594,0.055199823,0.894237138,0,0.044159859,5,80,FAU,LTA,
0.004697259,0.009394518,0.051618232,0.892995406,0,0.041294585,168,80,LTA,,
0.009350596,0.009350596,0.051376901,0.888820386,0,0.041101521,168,80,FAU,LTA,
0.013960624,0.009307083,0.051137816,0.884684224,0,0.040910253,168,80,FAU,,
0.018527945,0.009263972,0.050900947,0.880586379,0,0.040720757,168,80,FAU,,
0.023053149,0.00922126,0.050666261,0.876526321,0,0.040533009,168,80,FAU,,
0.013785573,0.006892786,0,0.948611206,0.017061353,0.013649082,96,80,CHA,,
0.020536804,0.006845601,0,0.942117392,0.016944557,0.013555646,96,80,CHA,,
0.02719623,0.006799058,0,0.935711882,0.01682935,0.01346348,192,80,CHA,,
0.0138803,0.00694015,0,0.955129527,0.017178589,0.006871435,96,80,CHA,LTL,
0.013842253,0.006921127,0,0.952511478,0.017131501,0.009593641,96,80,CHA,LTL,
0.013804415,0.006902207,0,0.949907743,0.017084672,0.012300964,96,80,CHA,LTL,
0.02056468,0.006854893,0,0.943396226,0.016967558,0.012216642,96,80,CHA,LTL,
0.01889276,0.020983353,0.077429346,0.820751065,0,0.061943477,4.5,90,LTA,,
0.005942579,0.006014176,0.071597337,0.859168039,0,0.057277869,2,90,LTA,,
0.015047795,0.01671292,0.061671292,0.857230959,0,0.049337034,4.5,90,LTA,,
0.013930916,0.015472452,0.057093919,0.867827576,0,0.045675136,2.5,90,LTA,,
0.022501926,0.000374432,0.007200616,0.964162532,0,0.005760493,24,90,MFI,,
0.022497714,0.000561543,0.007199269,0.963982059,0,0.005759415,24,90,MFI,,
0.022493504,0.000748584,0.007197921,0.963801654,0,0.005758337,24,90,MFI,,
0.022485088,0.001122456,0.007195228,0.963441046,0,0.005756182,24,90,MFI,,
0.084011119,0.015134356,0.045300113,0.808195202,0.006177288,0.041181921,6,90,CHA,RHO,
0.091586686,0.015009189,0.044925465,0.801511129,0.0061262,0.040841331,16,90,CHA,RHO,
0.075305696,0.015061139,0.035291779,0.82016105,0.014414952,0.039765384,96,90,CHA,,
0.075305696,0.015061139,0.035291779,0.82016105,0.014414952,0.039765384,192,90,CHA,,
0.013960624,0.009307083,0.051137816,0.884684224,0,0.040910253,168,95,FAU,GIS,SOD
0.072037471,0.009929742,0.093676815,0.74941452,0,0.074941452,24,100,FAU,,
0.06243253,0.010975171,0.089960417,0.764663548,0,0.071968334,6,100,FAU,,
0.051569507,0.051569507,0.074738416,0.762331839,0,0.059790732,96,100,LTA,,
0.03941772,0.014077757,0.05990535,0.838674894,0,0.04792428,47,100,FAU,,
0.052576999,0.003733278,0.051851084,0.850357772,0,0.041480867,21,100,FAU,,
0.004274825,0.017150803,0.051503914,0.885867326,0,0.041203131,168,100,LTA,SOD,CAN
0.018191814,0.027237743,0.04997751,0.864610925,0,0.039982008,168,100,LTA,SOD,
0.022000297,0.033717309,0.049438869,0.855292431,0,0.039551095,168,100,LTA,SOD,
0.026588031,0.050082181,0.048341874,0.836314416,0,0.038673499,168,100,LTA,SOD,
0.033980583,0.038834951,0.048543689,0.839805825,0,0.038834951,168,100,LTA,SOD,
0.043392233,0.008696853,0.046015093,0.865083747,0,0.036812074,48,100,FAU,,
0.05467349,0.013690242,0.043738792,0.852906443,0,0.034991034,24,100,FAU,,
0.053937433,0.026968716,0.043149946,0.841423948,0,0.034519957,24,100,FAU,GIS,PHI
0.07128806,0.017832706,0.042764283,0.833903524,0,0.034211427,72,100,FAU,,
0.071545064,0.014291845,0.042918455,0.836909871,0,0.034334764,142,100,FAU,,
0.017156098,0.011407691,0.044561294,0.891225881,0,0.035649035,15,100,FAU,,
0.005382131,0.021528525,0.043057051,0.895586652,0,0.03444564,24,100,LTA,,
0.005382131,0.021528525,0.043057051,0.895586652,0,0.03444564,168,100,LTA,,
0.016949153,0.008474576,0.042372881,0.898305085,0,0.033898305,24,100,FAU,MER,
0.020920502,0.0041841,0.041841004,0.89958159,0,0.033472803,24,100,FAU,MER,
0.013500365,0.013500365,0.040541636,0.900024325,0,0.032433309,24,100,LTA,,
0.00967118,0.01934236,0.03868472,0.901353965,0,0.030947776,24,100,LTA,,
0.036188615,0.012050809,0.036188615,0.886621069,0,0.028950892,16,100,CHA,,
0.014290487,0.009502246,0.037118147,0.909394603,0,0.029694518,47,100,FAU,,
0.021582734,0.007194245,0.035971223,0.90647482,0,0.028776978,24,100,FAU,MER,
0.017772722,0.011836633,0.035545445,0.906408844,0,0.028436356,24,100,FAU,SOD,LTA
0.006622517,0.026490066,0.033112583,0.907284768,0,0.026490066,168,100,LTA,,
0.010882353,0.021797386,0.032679739,0.908496732,0,0.026143791,24,100,LTA,SOD,
0.010882353,0.021797386,0.032679739,0.908496732,0,0.026143791,168,100,LTA,SOD,
0.01910828,0.012738854,0.031847134,0.910828025,0,0.025477707,24,100,LTA,FAU,
0.021107595,0.010537975,0.03164557,0.911392405,0,0.025316456,24,100,FAU,,
0.006934262,0.027767595,0.03054741,0.910312805,0,0.024437928,336,100,LTA,,
0.008105219,0.026987709,0.029689448,0.911466065,0,0.023751559,168,100,LTA,,
0.02247191,0.011235955,0.028089888,0.915730337,0,0.02247191,24,100,FAU,SOD,
0.020632737,0.013755158,0.027510316,0.916093535,0,0.022008253,24,100,FAU,,
0.020632737,0.013755158,0.027510316,0.916093535,0,0.022008253,168,100,FAU,GIS,
0.012112661,0.024198701,0.026621233,0.915770418,0,0.021296986,24,100,LTA,,
0.017723335,0.017723335,0.026571717,0.916724239,0,0.021257374,24,100,LTA,FAU,
0.015544041,0.020725389,0.025906736,0.917098446,0,0.020725389,24,100,LTA,,
0.031446541,0.002515723,0.025157233,0.920754717,0,0.020125786,336,100,LTA,,
0.023980815,0.011990408,0.023980815,0.920863309,0,0.019184652,24,100,FAU,,
0.016126363,0.021493935,0.023645693,0.919817455,0,0.018916554,504,100,LTA,,
0.017695774,0.019654107,0.023594366,0.920180261,0,0.018875493,720,100,LTA,,
0.008688195,0.002888543,0.022566741,0.947803128,0,0.018053393,16,100,CHA,,
0.023391813,0.015594542,0.019493177,0.925925926,0,0.015594542,24,100,FAU,GIS,
0.023391813,0.015594542,0.019493177,0.925925926,0,0.015594542,168,100,FAU,GIS,
0.023637086,0.015751754,0.018909669,0.926573757,0,0.015127735,168,100,FAU,,
0.051623028,0.005740481,0.010324606,0.924052201,0,0.008259684,48,100,MOR,,
0.018384986,0.012224822,0.047753211,0.883434411,0,0.038202569,1.5,120,FAU,,
0.111315189,0.037123616,0,0.751377525,0.055657594,0.044526076,72,125,CHA,LTL,
0.033775908,0.008437643,0.025338266,0.912177571,0,0.020270613,24,135,MOR,,
0.051569507,0.051569507,0.074738416,0.762331839,0,0.059790732,48,140,LTA,,
0.051569507,0.051569507,0.074738416,0.762331839,0,0.059790732,98,140,LTA,JBW,
0.11567588,0.127035214,0.011359334,0.416508898,0.177962893,0.151457781,96,140,CHA,,
0.06044049,0.0015231,0.024176196,0.894519256,0,0.019340957,168,150,MOR,,
0.06035003,0.003017502,0.024140012,0.893180447,0,0.01931201,168,150,MOR,,
0.060168472,0.006016847,0.024067389,0.890493381,0,0.019253911,168,150,MOR,,
0.024237125,0.000606519,0.003938434,0.968067174,0,0.003150748,122,150,MFI,,
0.026093938,0.010437575,0,0.818948214,0.080289041,0.064231232,72,165,CHA,MER,
0.052307873,0.010485005,0,0.831771321,0.058575445,0.046860356,72,165,CHA,MER,PHI
0.024853906,0.001979726,0.023852117,0.930232558,0,0.019081694,144,175,MOR,,
0.017450721,0.001155566,0.016747333,0.951248514,0,0.013397866,144,175,MOR,,
0.027083029,0.002705865,0.012188582,0.948271659,0,0.009750865,72,175,MOR,,
0.012188631,0.000811974,0.009021932,0.970759917,0,0.007217546,168,175,MFI,,
0.010857009,0.000720905,0,0.972787993,0.008685607,0.006948486,240,175,MOR,,
0.107516129,0.005387097,0,0.829032258,0.032258065,0.025806452,65,180,MOR,PHI,ANA
0.110016502,0.00549505,0,0.854785479,0.01650165,0.01320132,65,180,MOR,PHI,ANA
0.021002392,0.000415024,0.010921681,0.958923559,0,0.008737345,24,190,MFI,MOR,
0.020998493,0.000600581,0.010919653,0.95874555,0,0.008735723,24,190,MFI,MOR,
0.02099345,0.000840611,0.010917031,0.958515284,0,0.008733624,24,190,MOR,,
0.021035092,0.000424135,0.01009846,0.960363545,0,0.008078768,24,190,MFI,MOR,
0.021031269,0.000605797,0.010096625,0.960189009,0,0.0080773,24,190,MFI,MOR,
0.021026386,0.000837825,0.010094281,0.959966083,0,0.008075424,24,190,MOR,,
0.021062288,0.000416983,0.009266295,0.961841398,0,0.007413036,24,190,MFI,,
0.02104883,0.001055683,0.009260374,0.961226814,0,0.007408299,24,190,MFI,MOR,
0.021041426,0.001407082,0.009257116,0.960888683,0,0.007405693,24,190,MOR,,
0.021061664,0.000601509,0.008845722,0.962414528,0,0.007076577,24,190,MFI,MOR,
0.021052166,0.001052166,0.008841733,0.961980548,0,0.007073386,24,190,MFI,MOR,
0.021044723,0.001405339,0.008838607,0.961640445,0,0.007070886,24,190,MOR,,
0.0210615,0.00084246,0.0084246,0.962931761,0,0.00673968,24,190,MFI,,
0.021057065,0.001052853,0.008422826,0.962728996,0,0.006738261,24,190,MFI,MOR,
0.021049618,0.001406114,0.008419847,0.962388542,0,0.006735878,24,190,MFI,MOR,
0.021043771,0.001683502,0.008417508,0.962121212,0,0.006734007,24,190,MOR,,
0.021095156,0.000842895,0.007593649,0.964393381,0,0.006074919,24,190,MFI,,
0.02107739,0.00168437,0.007587253,0.963581184,0,0.006069803,24,190,MOR,,
0.021122001,0.00084488,0.00675904,0.965866847,0,0.005407232,24,190,MFI,,
0.02110417,0.001688334,0.006753334,0.965051494,0,0.005402668,24,190,MOR,,
0.021164079,0.000423722,0.005502881,0.968507013,0,0.004402305,24,190,MFI,,
0.021143253,0.001407351,0.005497466,0.967553958,0,0.004397973,24,190,MFI,,
0.013396213,0.00038317,0.002947461,0.980915187,0,0.002357969,24,190,MFI,,
0.109025098,0.002420357,0.01090251,0.868930028,0,0.008722008,120,190,MFI,,
0.154798762,0.030959752,0.015479876,0.758513932,0.015479876,0.024767802,48,190,MOR,,
0.051569507,0.051569507,0.074738416,0.762331839,0,0.059790732,0.5,200,LTA,,
0.051569507,0.051569507,0.074738416,0.762331839,0,0.059790732,1,200,LTA,JBW,
0.051569507,0.051569507,0.074738416,0.762331839,0,0.059790732,1.5,200,LTA,JBW,
0.034759542,0.0011574,0.006256217,0.952821867,0,0.005004974,70,200,MFI,,
0.015781056,0.001051537,0.003998241,0.975970573,0,0.003198593,120,200,MFI,,
0.024237125,0.000606519,0.003938434,0.968067174,0,0.003150748,72,200,MFI,,
0.024531777,0.000604782,0.003933622,0.966634344,0.001148577,0.003146898,68,200,MFI,,
0.024565103,0.000605236,0.003930916,0.967754012,0,0.003144733,70,200,MFI,,
0.020911169,0,0,0.947973011,0.017286567,0.013829253,96,80,CHA,,
0.004702921,0,0.037755846,0.927336557,0,0.030204676,354,25,FAU,,
0.017123288,0,0.051369863,0.890410959,0,0.04109589,168,65,LTA,,
0.021090558,0,0.006810493,0.966650556,0,0.005448394,24,190,MFI,,
0.032604801,0,0,0.967395199,0,0,120,165,MOR,,
0,0.032679739,0.065359477,0.816993464,0.032679739,0.052287582,4,90,FAU,,
